{
  "locations": {
    "0": [
      50,
      50
    ],
    "1": [
      20,
      60
    ],
    "2": [
      18,
      20
    ],
    "3": [
      80,
      80
    ],
    "4": [
      60,
      20
    ],
    "5": [
      30,
      40
    ]
  },
  "distance_matrix": [
    [
      0.0,
      31.622776601683793,
      43.86342439892262,
      42.42640687119285,
      31.622776601683793,
      22.360679774997898
    ],
    [
      31.622776601683793,
      0.0,
      40.049968789001575,
      63.245553203367585,
      56.568542494923804,
      22.360679774997898
    ],
    [
      43.86342439892262,
      40.049968789001575,
      0.0,
      86.27861844049197,
      42.0,
      23.323807579381203
    ],
    [
      42.42640687119285,
      63.245553203367585,
      86.27861844049197,
      0.0,
      63.245553203367585,
      64.03124237432849
    ],
    [
      31.622776601683793,
      56.568542494923804,
      42.0,
      63.245553203367585,
      0.0,
      36.05551275463989
    ],
    [
      22.360679774997898,
      22.360679774997898,
      23.323807579381203,
      64.03124237432849,
      36.05551275463989,
      0.0
    ]
  ]
}